,ID,Created_at,Text,Media_URL,Location,sentiment
0,9.88218E+17,4/23/2018 0:49,b'@RedSox my Dunkies is stepping up their game\xe2\x9a\xbe\xef\xb8\x8f\xe2\x9d\xa4\xef\xb8\x8f #RedSoxNation #redsox #dunkindonuts https://t.co/Hx51HL9Yhx',http://pbs.twimg.com/media/DbbbVoOVwAA8kGo.jpg,"Boston, MA",positive
1,9.88171E+17,4/22/2018 21:41,"b'This was #EspeciallyGood today, @dunkindonuts #DunkinDonuts https://t.co/kNnZLieRkg'",http://pbs.twimg.com/media/DbawTzsWAAQTGrI.jpg,"Alabama, USA",neutral
2,9.88077E+17,4/22/2018 15:29,b'Spring Fling from #DunkinDonuts is what I need~ https://t.co/uuEPBOaN8L',http://pbs.twimg.com/media/DbZbAPfX4AImZAE.jpg,"Chicago, Illinois",positive
3,9.88032E+17,4/22/2018 12:30,b'This momma runs on Dunkin\xe2\x80\x99 #dunkindonuts #alldayeveryday #toyseverywhere @dunkindonuts https://t.co/klE5jLwsko',http://pbs.twimg.com/media/DbYyFhhXUAA9uIW.jpg,"Myrtle Beach, SC",neutral
4,9.87885E+17,4/22/2018 2:43,b'RT @IsItFOO: Another #Starbucks community upload...\n\n#BoycottStarbucks #dunkindonuts #Philly #BlackTwitter https://t.co/O4BDqh4kzc',http://pbs.twimg.com/media/DbUnVNuVMAUdxx-.jpg,"Los Angeles, CA",positive
5,9.87878E+17,4/22/2018 2:15,b'RT @IsItFOO: Another #Starbucks community upload...\n\n#BoycottStarbucks #dunkindonuts #Philly #BlackTwitter https://t.co/O4BDqh4kzc',http://pbs.twimg.com/media/DbUnVNuVMAUdxx-.jpg,"Georgia, USA",positive
6,9.87866E+17,4/22/2018 1:29,b'RT @IsItFOO: Another #Starbucks community upload...\n\n#BoycottStarbucks #dunkindonuts #Philly #BlackTwitter https://t.co/O4BDqh4kzc',http://pbs.twimg.com/media/DbUnVNuVMAUdxx-.jpg,Toronto,positive
7,9.87865E+17,4/22/2018 1:25,b'RT @IsItFOO: Another #Starbucks community upload...\n\n#BoycottStarbucks #dunkindonuts #Philly #BlackTwitter https://t.co/O4BDqh4kzc',http://pbs.twimg.com/media/DbUnVNuVMAUdxx-.jpg,,positive
8,9.87823E+17,4/21/2018 22:37,b'Coach Cal wishes he had this right now #dunkindonuts @CoachCalDotCom #BBN #Kentucky #KSR https://t.co/66KQvQC3Zo',http://pbs.twimg.com/media/DbVzem2UwAAxg2_.jpg,"Flagstaff, Arizona",neutral
9,9.87766E+17,4/21/2018 18:53,b'Coffee talk al fresco.  #lifeisgood #dunkindonuts #nyc https://t.co/x1bLzXQaTk',http://pbs.twimg.com/media/DbVAQb6XUAE68S2.jpg,"New York City, NY",positive
10,9.87748E+17,4/21/2018 17:41,b'Nice job #dunkindonuts \xf0\x9f\xa4\xa6\xf0\x9f\x8f\xbb\xe2\x80\x8d\xe2\x99\x80\xef\xb8\x8f https://t.co/zfrnab9Jye',http://pbs.twimg.com/media/DbUvykoU0AAbONV.jpg,,positive
11,9.87739E+17,4/21/2018 17:04,b'Another #Starbucks community upload...\n\n#BoycottStarbucks #dunkindonuts #Philly #BlackTwitter https://t.co/O4BDqh4kzc',http://pbs.twimg.com/media/DbUnVNuVMAUdxx-.jpg,,positive
12,9.87722E+17,4/21/2018 15:57,b'Kick start the weekend on sugar high...Donuts from #DunkinDonuts with @kishor_ppg https://t.co/6uplQimJK6',http://pbs.twimg.com/media/DbUX99LW0AAAY9a.jpg,"Pune, India",positive
13,9.87717E+17,4/21/2018 15:37,b'RT @dyck_robin: @JoyAnnReid @DrJasonJohnson @TheRoot Delete #Starbucks app. Time to hit #DunkinDonuts https://t.co/8Qpf2iN7nv',http://pbs.twimg.com/media/DbUKvzuXUAE6zDf.jpg,dmv metro,neutral
14,9.87713E+17,4/21/2018 15:21,b'Coffee \xe2\x9c\x94\xef\xb8\x8f #DunkinDonuts\n#JLGdayoff #JLGtodo #JLGtask #JLGplaylist https://t.co/cxkhsHb2cW',http://pbs.twimg.com/media/DbUPod5V0AEhIQM.jpg,"New York, USA",positive
15,9.87708E+17,4/21/2018 15:01,b'RT @dyck_robin: @JoyAnnReid @DrJasonJohnson @TheRoot Delete #Starbucks app. Time to hit #DunkinDonuts https://t.co/8Qpf2iN7nv',http://pbs.twimg.com/media/DbUKvzuXUAE6zDf.jpg,,neutral
16,9.87708E+17,4/21/2018 14:59,b'@JoyAnnReid @DrJasonJohnson @TheRoot Delete #Starbucks app. Time to hit #DunkinDonuts https://t.co/8Qpf2iN7nv',http://pbs.twimg.com/media/DbUKvzuXUAE6zDf.jpg,,neutral
17,9.87704E+17,4/21/2018 14:46,b'Went to pick up my #dunkindonuts coffee this morning and saw this on the parking lot\xe2\xa4\xb5 https://t.co/11UUzgzOoV',http://pbs.twimg.com/media/DbUHjj6X0AArUlZ.jpg,"New Jersey, USA",negative
18,9.87702E+17,4/21/2018 14:38,b'If you haven\xe2\x80\x99t tried the cookies &amp; cream flavor you need to go try it right now! \xf0\x9f\x99\x8c\xf0\x9f\x8f\xbc #dunkindonuts https://t.co/rCRydMFh5L',http://pbs.twimg.com/media/DbUF1XsVwAIIZrG.jpg,"Adel, IA",positive
19,9.87698E+17,4/21/2018 14:23,b'Work on Saturday... wish Dunkin\xe2\x80\x99 had remembered the coffee in my latte \xf0\x9f\xa4\xb7\xf0\x9f\x8f\xbc\xe2\x80\x8d\xe2\x99\x80\xef\xb8\x8f\xf0\x9f\xa4\xa6\xf0\x9f\x8f\xbc\xe2\x80\x8d\xe2\x99\x80\xef\xb8\x8f\xf0\x9f\x98\x94 #wtf #dunkindonuts @dunkindonuts https://t.co/qbHnL27CHZ',http://pbs.twimg.com/media/DbUCUg_W0AEzk85.jpg,,negative
20,9.87694E+17,4/21/2018 14:05,"b""It's coffee time \xf0\x9f\x8d\xb5\xf0\x9f\x8d\xb5...in bed \xf0\x9f\x98\x89 Happy Saturday! #CoffeeLover #Coffee #DunkinDonuts #SaturdayMorning https://t.co/7FbeJ287XS""",http://pbs.twimg.com/media/DbT-R8VXcAEn1xU.jpg,#Flatbush #Brooklyn.... ,positive
21,9.8769E+17,4/21/2018 13:50,"b""RT @MartyDamian: They're here! #martyrunsondunkin @dunkindonuts #ddlove #dunkindonuts https://t.co/fKu9rpX0Hf""",http://pbs.twimg.com/media/DbQMAJYVMAAvfLW.jpg,"Brunswick Hills, Ohio",positive
22,9.87674E+17,4/21/2018 12:48,b'This is the crap #dunkindonuts serves now https://t.co/xafDvhugI0',http://pbs.twimg.com/media/DbTsnDYVQAE7KKO.jpg,,negative
23,9.87611E+17,4/21/2018 8:37,"b':::finally, my turn! \xf0\x9f\x98\x8b #DunkinDonuts https://t.co/zfbU6D0dla'",http://pbs.twimg.com/media/DbSzOViVAAAkieb.jpg,"Mandaluyong City, National Cap",positive
24,9.87535E+17,4/21/2018 3:34,"b'Oh this is sooooooooooo funny!!!!  Good Job, #dunkindonuts  \xf0\x9f\x98\x81 https://t.co/2ccn3iKIRm'",http://pbs.twimg.com/media/DbRtzpjX4AET4qD.jpg,,positive
25,9.87494E+17,4/21/2018 0:50,"b""So we can't use the bathroom at #DunkinDonuts because we aren't buying anything??? https://t.co/DOnc4deRWA""",http://pbs.twimg.com/media/DbRIRaRVAAIBFTq.jpg,DMV,negative
26,9.87475E+17,4/20/2018 23:37,b'Had to come get me some coffee and donuts #DunkinDonuts https://t.co/zFoyxyHaZx',http://pbs.twimg.com/media/DbQ3lYAVwAI9Ypy.jpg,"San Antonio, TX",positive
27,9.87439E+17,4/20/2018 21:12,"b'I said cream no sugar, not cream no coffee\xf0\x9f\xa4\xa6\xf0\x9f\x8f\xbe\xe2\x80\x8d\xe2\x99\x80\xef\xb8\x8f #dunkindonuts is so \xf0\x9f\x9a\xae https://t.co/ORDNxKvFTV'",http://pbs.twimg.com/media/DbQWfFsU0AAglAa.jpg,"St Petersburg, FL",negative
28,9.87427E+17,4/20/2018 20:27,"b""They're here! #martyrunsondunkin @dunkindonuts #ddlove #dunkindonuts https://t.co/fKu9rpX0Hf""",http://pbs.twimg.com/media/DbQMAJYVMAAvfLW.jpg,,positive
29,9.87375E+17,4/20/2018 16:57,b'#dunkindonuts The guys at #blacknerdproblems are to funny #Starbucks https://t.co/1WiICeIPue',http://pbs.twimg.com/media/DbPb804WAAAx7U9.jpg,Maryland,positive
30,9.87329E+17,4/20/2018 13:56,b'BigMouth Inc The Prescription Coffee Mug https://t.co/yDOV7ET34y #MorningCoffee #Coffee #DunkinDonuts #Starbucks https://t.co/dWcLrmPTUp',http://pbs.twimg.com/media/DbOymiXX0AAg-Cl.jpg,,positive
31,9.87294E+17,4/20/2018 11:37,b'Morning coffee run to start this Friday off strong! #dunkindonuts #pelionprowl https://t.co/yM5zLFtUTy',http://pbs.twimg.com/media/DbOS4nHV4AAeq_Q.jpg,"Lexington, SC",positive
32,9.87205E+17,4/20/2018 5:43,"b'Ground to perfection, each and every coffee bean contributes to a rich aroma and brewtiful flavours. #DunkinDonuts https://t.co/qp9GuKgfU6'",http://pbs.twimg.com/ext_tw_video_thumb/987204663949709313/pu/img/xw6SP1GR_77UfwRM.jpg,,positive
33,9.87143E+17,4/20/2018 1:35,"b""Hmmmm... that's starting pay! I'm clearly doing something wrong! \xf0\x9f\xa4\xb7\xf0\x9f\x8f\xbc\xe2\x80\x8d\xe2\x99\x80\xef\xb8\x8f  WTG #DunkinDonuts https://t.co/d4P0bxfKDN""",http://pbs.twimg.com/media/DbMJAFwV4AAIta_.jpg,"Beacon, NY",negative
34,9.87127E+17,4/20/2018 0:32,b'Celebrating their efforts and the end of testing! #DunkinDonuts #sweetkids #GAMilestones @SandersES1 #proudcoach https://t.co/Pm9bUGhYLw',http://pbs.twimg.com/media/DbL6nVJVwAAXcRB.jpg,"Kennesaw, GA",positive
35,9.87108E+17,4/19/2018 23:19,b'Truth.... Lol.\n#starbucks #Coffee #DunkinDonuts https://t.co/o8AECeAtd7',http://pbs.twimg.com/media/DbLp74hX0AE6H-7.jpg,"New York, USA",positive
36,9.8709E+17,4/19/2018 22:07,b'RT @GetoveritD: #StarbucksChallenge \nTry #DunkinDonuts  instead. https://t.co/bJ5wlD3uBG',http://pbs.twimg.com/media/DbLANesUMAALnJX.jpg,"Nebraska, USA The Flyover State",neutral
37,9.87083E+17,4/19/2018 21:39,b'Its an Iced Coffee day #dunkindonuts https://t.co/djh7uNla7P',http://pbs.twimg.com/media/DbLTEsOUwAAEBbQ.jpg,"Lawrence, MA",positive
38,9.87076E+17,4/19/2018 21:11,b'@dunkindonuts Coffee Perfection! \xe2\x98\x95\xe2\x98\x95\xe2\x98\x95#coffee #givemecoffee #ilovecoffee #DunkinDonuts #nyc https://t.co/lS1Tw0Waue',http://pbs.twimg.com/media/DbLMrnnUMAALJ-u.jpg,Tri-State,positive
39,9.87063E+17,4/19/2018 20:17,b'#StarbucksChallenge \nTry #DunkinDonuts  instead. https://t.co/bJ5wlD3uBG',http://pbs.twimg.com/media/DbLANesUMAALnJX.jpg,"Kansas City, MO",neutral
40,9.87039E+17,4/19/2018 18:44,b'@Dunkin_India #ItsFantasTHICK #DunkinDonuts here is my entry https://t.co/sZkAEGWl3b',http://pbs.twimg.com/media/DbKq9vTUQAAI3WQ.jpg,"Mumbai, India",positive
41,9.87019E+17,4/19/2018 17:25,b'\xe2\x9c\xa8#InitiateStarbucksBoycott \xe2\x9c\xa8\xe2\x9c\xa8\n\xf0\x9f\x99\x84\xf0\x9f\x91\x8b\xf0\x9f\x8f\xbdThe coffee is over-roasted anyway. *Speeds over to #DunkinDonuts \xe2\x98\x95\xef\xb8\x8f\xf0\x9f\x94\xa5 https://t.co/hPPFuIx9KW',http://pbs.twimg.com/ext_tw_video_thumb/987019384098033664/pu/img/j_jsc1UGTTidV30J.jpg,Global,positive
42,9.87019E+17,4/19/2018 17:24,b'RT @3ishbeirut: Nothing beats the 3 PM coffee from @DDlebanon  cheers #coffee #dunkinadict #DunkinDonuts https://t.co/olMGv1IZvI',http://pbs.twimg.com/media/Da5x9NKWAAENyPK.jpg,"Saskatoon, Saskatchewan",positive
43,9.86977E+17,4/19/2018 14:35,b'Lol @dunkindonuts did you post this\xf0\x9f\x98\x82\xf0\x9f\x98\x82\xf0\x9f\x98\x82 #DunkinDonuts https://t.co/4ItqVb1agX',http://pbs.twimg.com/media/DbJx74zU0AI_L3B.jpg,Where you can find me,positive
44,9.86966E+17,4/19/2018 13:52,b'Is it #DunkinDonuts or is it #Starbucks in a Dunkin cup? \xf0\x9f\xa4\xb7\xf0\x9f\x8f\xbe\xe2\x80\x8d\xe2\x99\x80\xef\xb8\x8f The world may never know. https://t.co/aKyQ1qYTQI',http://pbs.twimg.com/media/DbJoFU3UwAIE87z.jpg,"Atlanta, GA",neutral
45,9.86919E+17,4/19/2018 10:46,"b""@Dunkin_India Here's a perfect screenshot!\n#DunkinDonuts #ItsFantasTHICK https://t.co/cJpzCeSdRv""",http://pbs.twimg.com/media/DbIdMlJUwAA6WKw.jpg,"Kakinada, India",positive
46,9.86897E+17,4/19/2018 9:19,b'FASHION\n#hoze #dunkindonuts #lacoste #macmoc #sjyp #monelloproject #jennypark #liful #adriennelandau #etrececile https://t.co/grDW0nMcvf',http://pbs.twimg.com/media/DbIpoq3VAAErBmG.jpg,ÌïúÍµ≠ ÏÑúÏö∏,positive
47,9.86884E+17,4/19/2018 8:28,b'@Dunkin_India screenshot      #DunkinDonuts     #ItsFantasTHICK  @Asheesh__Dubey https://t.co/HKdsgycgVX',http://pbs.twimg.com/media/DbIcf_nV4AADjsd.jpg,"Mumbai, Maharashtra",neutral
48,9.86883E+17,4/19/2018 8:25,"b""@Dunkin_India Here's a perfect screenshot!\n#DunkinDonuts #ItsFantasTHICK https://t.co/Rv1ctydri3""",http://pbs.twimg.com/media/DbIdMlJUwAA6WKw.jpg,"Bengaluru, Karnataka, India",positive
49,9.86861E+17,4/19/2018 6:54,b'@Dunkin_India As #ItsFantasTHICK at #DunkinDonuts \xf0\x9f\xa5\xa4 \xf0\x9f\x8d\xa9 \xf0\x9f\x98\x8b!! https://t.co/dEkKkYc0xa',http://pbs.twimg.com/media/DbIIfBJXkAcxkRp.jpg,Ahmedabad,positive
50,9.8686E+17,4/19/2018 6:50,b'@Dunkin_India #ItsFantasTHICK\n#DunkinDonuts \nScreenshot no 2 https://t.co/oWe6jmr9Mm',http://pbs.twimg.com/media/DbIHo4dV4AAzV-N.jpg,"New Delhi, Delhi",negative
51,9.8686E+17,4/19/2018 6:50,b'@Dunkin_India #ItsFantasTHICK\n#DunkinDonuts \nScreenshot no 1 https://t.co/ymv5hpaVlJ',http://pbs.twimg.com/media/DbIHlp7VwAE2v0U.jpg,"New Delhi, Delhi",negative
52,9.8668E+17,4/18/2018 18:55,"b""Coffee 'gon be sellin' like a mu fucka now yo!!!\n#Starbucks\n#DunkinDonuts https://t.co/18Bv85DLUF""",http://pbs.twimg.com/media/DbFj7TQXUAI9JdU.jpg,"Indiana, USA‚ò£Ô∏èüåΩ",neutral
53,9.86635E+17,4/18/2018 15:58,b'#BaskinRobbins Launches #DunkinDonuts #Coffee\n\nREAD MORE:\n\nhttps://t.co/OJCfKO6kpz https://t.co/c4CfDWrZrs',http://pbs.twimg.com/media/DbE7OnfU8AEpjwd.jpg,"Los Angeles, CA",neutral
54,9.86614E+17,4/18/2018 14:35,b'Good morning IUN! #DunkinDonuts #Coffee #IUDay https://t.co/Gp9fIjrvHr',http://pbs.twimg.com/tweet_video_thumb/DbEoaV8W4AUYug7.jpg,"Valparaiso, IN",positive
55,9.866E+17,4/18/2018 13:39,b'No chill #StarbucksWhileBlack #Starbucks #DunkinDonuts https://t.co/XEJbi50fGz',http://pbs.twimg.com/media/DbEbpoTV4AA9Abg.jpg,On the moon talking to Bruno,negative
56,9.86599E+17,4/18/2018 13:34,b'@Starbucks @dunkindonuts #starbucks #DunkinDonuts \nSHOTS FIRED!!!!! https://t.co/1grnfuudY8',http://pbs.twimg.com/media/DbEaXmgXcAABxOc.jpg,Paterson Nj,negative
57,9.86585E+17,4/18/2018 12:37,"b'Forget #starbucks, I am giving #DunkinDonuts a chance. https://t.co/8YfjE0P2SE'",http://pbs.twimg.com/media/DbENecKU8AAJQrE.jpg,"San Antonio, Texas",neutral
58,9.86573E+17,4/18/2018 11:51,"b""It's donut time... #DunkinDonuts #dunkindonutsUAE (@ Dunkin' Donuts in Abu Dhabi) https://t.co/KMi4fpNgTc https://t.co/fN112RJPh2""",http://pbs.twimg.com/media/DbECwbQXkAE4BZr.jpg,"Abu Dhabi, United Arab Emirate",positive
59,9.86477E+17,4/18/2018 5:31,b'~When #DunkinDonuts treats you right \xf0\x9f\x92\x96 @VeroTrueSocial https://t.co/IIQaaj8OLL',http://pbs.twimg.com/media/DbCryYoWAAAz8JC.jpg,Cleveland (Main Office),positive
60,9.86418E+17,4/18/2018 1:36,"b'Honestly though, #DunkinDonuts is better. #Starbucks https://t.co/rXJ9sC84LQ'",http://pbs.twimg.com/media/DbB2EJCU8AAwGdU.jpg,United States,neutral
61,9.86283E+17,4/17/2018 16:40,b'Seems legit #starbucks #dunkindonuts https://t.co/4vEt4CWecm',http://pbs.twimg.com/media/Da_7VPwVAAEBvGK.jpg,"Fort Lauderdale, FL",positive
62,9.86272E+17,4/17/2018 15:56,b'BigMouth Inc The Prescription Coffee Mug https://t.co/yDOV7ET34y #MorningCoffee #Coffee #DunkinDonuts #Starbucks https://t.co/AeoIIKl2rr',http://pbs.twimg.com/media/Da_xUdNV4AAeGB-.jpg,,positive
63,9.86267E+17,4/17/2018 15:35,b'#dominospizza #BurgerKing #dunkindonuts anyone willing to give back #NewHaven https://t.co/7jUnB8WyP4',http://pbs.twimg.com/media/Da_shFfXcAE54TZ.jpg,USA,neutral
64,9.86259E+17,4/17/2018 15:04,b'Charmander runs on Dunkin\xe2\x80\x99. \xf0\x9f\x94\xa5\xf0\x9f\x8d\xa9 #pokemongo #charmander #dunkin #dunkindonuts #arphoto https://t.co/l9Vrjeoh8U',http://pbs.twimg.com/media/Da_lfYJUQAAJB6_.jpg,"Texas, USA",negative
65,9.86258E+17,4/17/2018 15:01,"b'Vanilla, strawberry, or chocolate? \xf0\x9f\x8d\xa9 Grab your favorite flavor today at #DunkinDonuts! \xe2\x98\xba\xef\xb8\x8f https://t.co/SKNNNjfMPG'",http://pbs.twimg.com/media/Da_kzidXUAEazp6.jpg,"Plainview, NY",positive
66,9.86255E+17,4/17/2018 14:48,b'@dunkindonuts I never had this but babee this good #dunkindonuts https://t.co/RaL2Ba0PBo',http://pbs.twimg.com/media/Da_hrFlXkAIiPke.jpg,"Atlanta, GA",positive
67,9.86232E+17,4/17/2018 13:18,b'Fall tumbling in love with rich blends of coffee. #DunkinIndia #DunkinDonuts #Coffee #CoffeeLove #CoffeeBeans https://t.co/zfWko7HMPY',http://pbs.twimg.com/ext_tw_video_thumb/986231245389443072/pu/img/316CIR4fZNe8RTlc.jpg,,positive
68,9.86232E+17,4/17/2018 13:18,b'#Morning_Pick_Me_Up Mystery lady ahead of me at #dunkindonuts drive-thru pays for my coffee and doughnut https://t.co/7wts7cBntH',http://pbs.twimg.com/tweet_video_thumb/Da_MzDKWkAAWV4U.jpg,"Philadelphia, PA",positive
69,9.86074E+17,4/17/2018 2:49,b'#DunkinDonuts has better cheaper coffee &amp; better mint hot chocolate! https://t.co/ZLwBEnc58y',http://pbs.twimg.com/media/Da89R_bVMAAJGMQ.jpg,Themyscira or Invisible plane,positive
70,9.85991E+17,4/16/2018 21:17,"b""Bahahahha... America runs on #DunkinDonuts Ahhhh! We're making a short film!!! #10reelsproduction #planetfordwhisper https://t.co/OisJWUvsUM""",http://pbs.twimg.com/media/Da7xRmMUQAAn0gO.jpg,"Conroe, TX",positive
71,9.85944E+17,4/16/2018 18:10,b'RT @D_ManicHispanic: #BoycottStarbucks #dunkindonuts gonna make bank https://t.co/8uxAm6Y8yL',http://pbs.twimg.com/media/Da6c8v8UQAI-yee.jpg,,neutral
72,9.85943E+17,4/16/2018 18:10,b'$9.00 https://t.co/Sy42rvLC7S #dunkindonuts Gift Cards https://t.co/rn7T0Wlj8j',http://pbs.twimg.com/media/Da7GU2OXcAEbnX3.jpg,,positive
73,9.85926E+17,4/16/2018 17:01,b'@dunkindonuts thanks for another free coffee #freecoffee #dunkindonuts https://t.co/pojjQZSPFm',http://pbs.twimg.com/media/Da62fpaVwAEQXrs.jpg,"Houston, TX",positive
74,9.85898E+17,4/16/2018 15:09,b'#BoycottStarbucks #dunkindonuts gonna make bank https://t.co/8uxAm6Y8yL',http://pbs.twimg.com/media/Da6c8v8UQAI-yee.jpg,,positive
75,9.8588E+17,4/16/2018 13:59,"b'staying as dry as I can, #bostonmarathon #life@Kohls #baavolunteer #dunkindonuts https://t.co/FlAY13XUFe'",http://pbs.twimg.com/media/Da6NAqJX4AAy80j.jpg,,positive
76,9.8588E+17,4/16/2018 13:58,b'Good morning. On my way to #DunkinDonuts. Still mad at you know who. #BoycottStarbucks https://t.co/nHmTn5eEik',http://pbs.twimg.com/tweet_video_thumb/Da6MrFuUwAA2sUh.jpg,NYC Blogger,positive
77,9.85855E+17,4/16/2018 12:18,b'RT @FanGurlDiva: @Starbucks #DunkinDonuts will be getting my business \xe2\x98\x95\xef\xb8\x8f https://t.co/u1mGgCHlmA',http://pbs.twimg.com/tweet_video_thumb/DatGdcbVQAAJ1bV.jpg,,neutral
78,9.85851E+17,4/16/2018 12:01,b'Nothing beats the 3 PM coffee from @DDlebanon  cheers #coffee #dunkinadict #DunkinDonuts https://t.co/olMGv1IZvI',http://pbs.twimg.com/media/Da5x9NKWAAENyPK.jpg,Beirut,positive
79,9.85844E+17,4/16/2018 11:36,b'RT @FanGurlDiva: @Starbucks #DunkinDonuts will be getting my business \xe2\x98\x95\xef\xb8\x8f https://t.co/u1mGgCHlmA',http://pbs.twimg.com/tweet_video_thumb/DatGdcbVQAAJ1bV.jpg,,neutral
80,9.85796E+17,4/16/2018 8:23,b'Wait.....another failed attempt at making coffee\n#LosttheRecipe\n#CantCook \nGoing to\n#DunkinDonuts  \xf0\x9f\x92\x99 Instead \xe2\x98\x95 https://t.co/lyQJyXM94N',http://pbs.twimg.com/tweet_video_thumb/Da5ADlyU0AA7efu.jpg,"Boston, MA  ",negative
81,9.85731E+17,4/16/2018 4:06,b'RT @FanGurlDiva: @Starbucks #DunkinDonuts will be getting my business \xe2\x98\x95\xef\xb8\x8f https://t.co/u1mGgCHlmA',http://pbs.twimg.com/tweet_video_thumb/DatGdcbVQAAJ1bV.jpg,"Sam Adams' Hometown, USA",neutral
82,9.85596E+17,4/15/2018 19:10,"b'After a long week of working, we treated ourselves today. #dunkin #DunkinDonuts https://t.co/fy9xkmWiNS'",http://pbs.twimg.com/media/Da2KnvsXcAEl6UF.jpg,"Saint Petersburg, Fl",positive
83,9.85595E+17,4/15/2018 19:05,b'RT @FanGurlDiva: @Starbucks #DunkinDonuts will be getting my business \xe2\x98\x95\xef\xb8\x8f https://t.co/u1mGgCHlmA',http://pbs.twimg.com/tweet_video_thumb/DatGdcbVQAAJ1bV.jpg,,neutral
84,9.85588E+17,4/15/2018 18:37,b'Saucony Kinvara 9 Dunkin Donuts. \n#saucony #dunkindonuts #runtheworld https://t.co/kXiNsdQINz https://t.co/79uuaex86u',http://pbs.twimg.com/media/Da2C8cYW4AI8JF_.jpg,,neutral
85,9.85537E+17,4/15/2018 15:16,b'Saucony Kinvara 9 Dunkin Donuts pixel art. \n#saucony #dunkindonuts #pixelart https://t.co/sw15OB96eA https://t.co/AJz6bCZUjt',http://pbs.twimg.com/media/Da1VDMPWsAAGtLc.jpg,,positive
86,9.85516E+17,4/15/2018 13:51,b'@dunkindonuts thanks for the taste of charcoal this morning! #DunkinDonuts https://t.co/Z7Tn3qiJFs',http://pbs.twimg.com/media/Da1Bl9qXUAEX1Wc.jpg,,positive
87,9.85512E+17,4/15/2018 13:35,b'RT @FanGurlDiva: @Starbucks #DunkinDonuts will be getting my business \xe2\x98\x95\xef\xb8\x8f https://t.co/u1mGgCHlmA',http://pbs.twimg.com/tweet_video_thumb/DatGdcbVQAAJ1bV.jpg,,neutral
88,9.85507E+17,4/15/2018 13:14,b'Hey #dunkindonuts thanks for the birthday gift! \xf0\x9f\x98\x98 https://t.co/mnrMJPaWvh',http://pbs.twimg.com/media/Da04-LaVQAE5wTp.jpg,"Iowa City, IA",positive
89,9.85331E+17,4/15/2018 1:38,b'RT @FanGurlDiva: @Starbucks #DunkinDonuts will be getting my business \xe2\x98\x95\xef\xb8\x8f https://t.co/u1mGgCHlmA',http://pbs.twimg.com/tweet_video_thumb/DatGdcbVQAAJ1bV.jpg,Some Where Out There...,neutral
90,9.85327E+17,4/15/2018 1:19,b'#DunkinDonuts is getting lots of love today! @dunkindonuts https://t.co/ddKHwQYBgE',http://pbs.twimg.com/media/DayVc7iXkAUnurF.jpg,Walking Towards Gethsemane,positive
91,9.85296E+17,4/14/2018 23:18,b'Two words #DunkinDonuts https://t.co/Sbbh3razsd',http://pbs.twimg.com/media/Dax5zxbV4AAwL1t.jpg,"Home of the Brave...Harlem,NY",positive
92,9.85294E+17,4/14/2018 23:08,b'RT @BlackJulieKnows: Me on my way to #DunkinDonuts  #BoycottStarbucks https://t.co/B1pjNYgSIj',http://pbs.twimg.com/tweet_video_thumb/Daxf1e0VwAAvvoE.jpg,Edinburgh,positive
93,9.85284E+17,4/14/2018 22:29,b'RT @FanGurlDiva: @Starbucks #DunkinDonuts will be getting my business \xe2\x98\x95\xef\xb8\x8f https://t.co/u1mGgCHlmA',http://pbs.twimg.com/tweet_video_thumb/DatGdcbVQAAJ1bV.jpg,"Dallas, TX",neutral
94,9.85272E+17,4/14/2018 21:40,b'America is going to really start to run for #DunkinDonuts #boycottstarbucks https://t.co/G88mDIhD96',http://pbs.twimg.com/tweet_video_thumb/DaxjRd4X4AM38tD.jpg,"Chicago, IL",neutral
95,9.8527E+17,4/14/2018 21:33,b'RT @BlackJulieKnows: Me on my way to #DunkinDonuts  #BoycottStarbucks https://t.co/B1pjNYgSIj',http://pbs.twimg.com/tweet_video_thumb/Daxf1e0VwAAvvoE.jpg,Dirty South ,positive
96,9.85268E+17,4/14/2018 21:25,b'Me on my way to #DunkinDonuts  #BoycottStarbucks https://t.co/B1pjNYgSIj',http://pbs.twimg.com/tweet_video_thumb/Daxf1e0VwAAvvoE.jpg,NYC Blogger,positive
97,9.85264E+17,4/14/2018 21:08,b'RT @FanGurlDiva: @Starbucks #DunkinDonuts will be getting my business \xe2\x98\x95\xef\xb8\x8f https://t.co/u1mGgCHlmA',http://pbs.twimg.com/tweet_video_thumb/DatGdcbVQAAJ1bV.jpg,wondering in my 20 something‚Äôs,neutral
98,9.85245E+17,4/14/2018 19:52,b'RT @FanGurlDiva: @Starbucks #DunkinDonuts will be getting my business \xe2\x98\x95\xef\xb8\x8f https://t.co/u1mGgCHlmA',http://pbs.twimg.com/tweet_video_thumb/DatGdcbVQAAJ1bV.jpg,Worldwide ,neutral
99,9.8522E+17,4/14/2018 18:14,b'RT @FanGurlDiva: @Starbucks #DunkinDonuts will be getting my business \xe2\x98\x95\xef\xb8\x8f https://t.co/u1mGgCHlmA',http://pbs.twimg.com/tweet_video_thumb/DatGdcbVQAAJ1bV.jpg,New Yawk,neutral
100,9.85215E+17,4/14/2018 17:56,b'BigMouth Inc The Prescription Coffee Mug https://t.co/yDOV7ET34y #MorningCoffee #Coffee #DunkinDonuts #Starbucks https://t.co/5SzBk6MhRc',http://pbs.twimg.com/media/DawwAj7X4AI6acr.jpg,,positive
101,9.85214E+17,4/14/2018 17:52,b'#IcedCoffee from #DunkinDonuts in a sunny day. \n\n#JLGdayoff #DayOff https://t.co/elFgpOvvUW',http://pbs.twimg.com/media/DawvHB0UQAE4Oot.jpg,"New York, USA",positive
102,9.85203E+17,4/14/2018 17:07,b'RT @FanGurlDiva: @Starbucks #DunkinDonuts will be getting my business \xe2\x98\x95\xef\xb8\x8f https://t.co/u1mGgCHlmA',http://pbs.twimg.com/tweet_video_thumb/DatGdcbVQAAJ1bV.jpg,,neutral
103,9.85196E+17,4/14/2018 16:38,b'breakfast from #dunkindonuts coming up! https://t.co/1J35oWDelA',http://pbs.twimg.com/media/DaweNXyX4AAAQem.jpg,"Miami, Drowned World",positive
104,9.85185E+17,4/14/2018 15:56,"b'Grand opening at #DunkinDonuts. \xf0\x9f\x98\x8b (at @DunkinDonuts in Orlando, FL) https://t.co/0ALRLMABSO https://t.co/4ixEaV0yCO'",http://pbs.twimg.com/media/DawUdlAXcAASZRf.jpg,"Lake Nona, FL",neutral
105,9.85183E+17,4/14/2018 15:47,b'This actually happened today. On my to store to see whose finger it belongs to!! #dunkindonuts @dunkindonuts https://t.co/13dqoNuxS9',http://pbs.twimg.com/media/DawSd6IX4AInwwA.jpg,"North Providence, RI",neutral
106,9.85182E+17,4/14/2018 15:45,b'RT @FanGurlDiva: @Starbucks #DunkinDonuts will be getting my business \xe2\x98\x95\xef\xb8\x8f https://t.co/u1mGgCHlmA',http://pbs.twimg.com/tweet_video_thumb/DatGdcbVQAAJ1bV.jpg,"New Orleans, LA‚öúÔ∏è",neutral
107,9.85171E+17,4/14/2018 14:58,b'RT @FanGurlDiva: @Starbucks #DunkinDonuts will be getting my business \xe2\x98\x95\xef\xb8\x8f https://t.co/u1mGgCHlmA',http://pbs.twimg.com/tweet_video_thumb/DatGdcbVQAAJ1bV.jpg,,neutral
108,9.85166E+17,4/14/2018 14:42,b'RT @FanGurlDiva: @Starbucks #DunkinDonuts will be getting my business \xe2\x98\x95\xef\xb8\x8f https://t.co/u1mGgCHlmA',http://pbs.twimg.com/tweet_video_thumb/DatGdcbVQAAJ1bV.jpg,"Denver, CO",neutral
109,9.85064E+17,4/14/2018 7:55,b'What better way to start the weekend #dunkindonuts https://t.co/xuewZi9uvN',http://pbs.twimg.com/media/DaumaXzX4AEaLgi.jpg,above the clouds,positive
110,9.8502E+17,4/14/2018 5:01,b'Craving satisfied \xf0\x9f\x8d\xa9\xe2\x9d\xa4\xef\xb8\x8f #DunkinDonuts #ChocoButternut https://t.co/iRA1Qty0bT',http://pbs.twimg.com/media/Dat-sG3U8AcOmBw.jpg,,positive
111,9.8496E+17,4/14/2018 1:01,b'Yass!!! Found two #DunkinDonuts on my way to work!!! @Starbucks won\xe2\x80\x99t get another cent from me!!! https://t.co/YslgeZMNq0',http://pbs.twimg.com/tweet_video_thumb/DatHxm6U0AA1UE5.jpg,Living in Teenage Hell ,neutral
112,9.84958E+17,4/14/2018 0:56,b'@Starbucks #DunkinDonuts will be getting my business \xe2\x98\x95\xef\xb8\x8f https://t.co/u1mGgCHlmA',http://pbs.twimg.com/tweet_video_thumb/DatGdcbVQAAJ1bV.jpg,Living in Teenage Hell ,neutral
113,9.84817E+17,4/13/2018 15:33,b'Our crews run on Dunkin\xe2\x80\x99. #emsrunsondunkin #dunkindonuts #HappyFridayThe13th https://t.co/ud4Ly4BLBw',http://pbs.twimg.com/media/DarFzJXVwAEda3p.jpg,"496 Broadway Norwood, NJ 07648",positive
114,9.84798E+17,4/13/2018 14:20,b'I needed this \xf0\x9f\xa5\xa4#dunkindonuts #icedCaramelLatte https://t.co/on0gsXaNec',http://pbs.twimg.com/media/Daq03DeXUAQwTAx.jpg,The rotten Apple üçé NYC,positive
115,9.84792E+17,4/13/2018 13:56,b'Here is @BrotherWease getting some #dunkindonuts   @DunkinRochester https://t.co/xromOIWUGV',http://pbs.twimg.com/media/DaqvXp3WAAAuO8-.jpg,"Rochester, NY",positive
116,9.8479E+17,4/13/2018 13:48,b'My coworker went on a #dunkindonuts  run. Office morale: +10. https://t.co/2846vVf0dI',http://pbs.twimg.com/media/DaqtlXBUQAUDfR5.jpg,"Florida, USA",neutral
117,9.84717E+17,4/13/2018 8:56,b'What every #writer needs: tea and #dunkindonuts. Let\xe2\x80\x99s make it a creative #Friday13th. https://t.co/AptHQRwIvP',http://pbs.twimg.com/media/Dapqw7LX4AErBSD.jpg,"Copenhagen, Denmark",positive
118,9.87766E+17,4/21/2018 18:53,b'Coffee talk al fresco.  #lifeisgood #dunkindonuts #nyc https://t.co/x1bLzXQaTk',http://pbs.twimg.com/media/DbVAQb6XUAE68S2.jpg,"New York City, NY",positive
119,9.87748E+17,4/21/2018 17:41,b'Nice job #dunkindonuts \xf0\x9f\xa4\xa6\xf0\x9f\x8f\xbb\xe2\x80\x8d\xe2\x99\x80\xef\xb8\x8f https://t.co/zfrnab9Jye',http://pbs.twimg.com/media/DbUvykoU0AAbONV.jpg,,positive
120,9.87739E+17,4/21/2018 17:04,b'Another #Starbucks community upload...\n\n#BoycottStarbucks #dunkindonuts #Philly #BlackTwitter https://t.co/O4BDqh4kzc',http://pbs.twimg.com/media/DbUnVNuVMAUdxx-.jpg,,positive
121,9.87722E+17,4/21/2018 15:57,b'Kick start the weekend on sugar high...Donuts from #DunkinDonuts with @kishor_ppg https://t.co/6uplQimJK6',http://pbs.twimg.com/media/DbUX99LW0AAAY9a.jpg,"Pune, India",positive
122,9.87717E+17,4/21/2018 15:37,b'RT @dyck_robin: @JoyAnnReid @DrJasonJohnson @TheRoot Delete #Starbucks app. Time to hit #DunkinDonuts https://t.co/8Qpf2iN7nv',http://pbs.twimg.com/media/DbUKvzuXUAE6zDf.jpg,dmv metro,neutral
123,9.87708E+17,4/21/2018 15:01,b'RT @dyck_robin: @JoyAnnReid @DrJasonJohnson @TheRoot Delete #Starbucks app. Time to hit #DunkinDonuts https://t.co/8Qpf2iN7nv',http://pbs.twimg.com/media/DbUKvzuXUAE6zDf.jpg,,neutral
124,9.87708E+17,4/21/2018 14:59,b'@JoyAnnReid @DrJasonJohnson @TheRoot Delete #Starbucks app. Time to hit #DunkinDonuts https://t.co/8Qpf2iN7nv',http://pbs.twimg.com/media/DbUKvzuXUAE6zDf.jpg,,neutral
125,9.87704E+17,4/21/2018 14:46,b'Went to pick up my #dunkindonuts coffee this morning and saw this on the parking lot\xe2\xa4\xb5 https://t.co/11UUzgzOoV',http://pbs.twimg.com/media/DbUHjj6X0AArUlZ.jpg,"New Jersey, USA",negative
126,9.87702E+17,4/21/2018 14:38,b'If you haven\xe2\x80\x99t tried the cookies &amp; cream flavor you need to go try it right now! \xf0\x9f\x99\x8c\xf0\x9f\x8f\xbc #dunkindonuts https://t.co/rCRydMFh5L',http://pbs.twimg.com/media/DbUF1XsVwAIIZrG.jpg,"Adel, IA",positive
127,9.87698E+17,4/21/2018 14:23,b'Work on Saturday... wish Dunkin\xe2\x80\x99 had remembered the coffee in my latte \xf0\x9f\xa4\xb7\xf0\x9f\x8f\xbc\xe2\x80\x8d\xe2\x99\x80\xef\xb8\x8f\xf0\x9f\xa4\xa6\xf0\x9f\x8f\xbc\xe2\x80\x8d\xe2\x99\x80\xef\xb8\x8f\xf0\x9f\x98\x94 #wtf #dunkindonuts @dunkindonuts https://t.co/qbHnL27CHZ',http://pbs.twimg.com/media/DbUCUg_W0AEzk85.jpg,,negative
128,9.87694E+17,4/21/2018 14:05,"b""It's coffee time \xf0\x9f\x8d\xb5\xf0\x9f\x8d\xb5...in bed \xf0\x9f\x98\x89 Happy Saturday! #CoffeeLover #Coffee #DunkinDonuts #SaturdayMorning https://t.co/7FbeJ287XS""",http://pbs.twimg.com/media/DbT-R8VXcAEn1xU.jpg,#Flatbush #Brooklyn.... ,positive
129,9.8769E+17,4/21/2018 13:50,"b""RT @MartyDamian: They're here! #martyrunsondunkin @dunkindonuts #ddlove #dunkindonuts https://t.co/fKu9rpX0Hf""",http://pbs.twimg.com/media/DbQMAJYVMAAvfLW.jpg,"Brunswick Hills, Ohio",positive
130,9.87674E+17,4/21/2018 12:48,b'This is the crap #dunkindonuts serves now https://t.co/xafDvhugI0',http://pbs.twimg.com/media/DbTsnDYVQAE7KKO.jpg,,negative
131,9.87611E+17,4/21/2018 8:37,"b':::finally, my turn! \xf0\x9f\x98\x8b #DunkinDonuts https://t.co/zfbU6D0dla'",http://pbs.twimg.com/media/DbSzOViVAAAkieb.jpg,"Mandaluyong City, National Cap",positive
132,9.87535E+17,4/21/2018 3:34,"b'Oh this is sooooooooooo funny!!!!  Good Job, #dunkindonuts  \xf0\x9f\x98\x81 https://t.co/2ccn3iKIRm'",http://pbs.twimg.com/media/DbRtzpjX4AET4qD.jpg,,positive
133,9.87494E+17,4/21/2018 0:50,"b""So we can't use the bathroom at #DunkinDonuts because we aren't buying anything??? https://t.co/DOnc4deRWA""",http://pbs.twimg.com/media/DbRIRaRVAAIBFTq.jpg,DMV,negative
134,9.87475E+17,4/20/2018 23:37,b'Had to come get me some coffee and donuts #DunkinDonuts https://t.co/zFoyxyHaZx',http://pbs.twimg.com/media/DbQ3lYAVwAI9Ypy.jpg,"San Antonio, TX",positive
135,9.87439E+17,4/20/2018 21:12,"b'I said cream no sugar, not cream no coffee\xf0\x9f\xa4\xa6\xf0\x9f\x8f\xbe\xe2\x80\x8d\xe2\x99\x80\xef\xb8\x8f #dunkindonuts is so \xf0\x9f\x9a\xae https://t.co/ORDNxKvFTV'",http://pbs.twimg.com/media/DbQWfFsU0AAglAa.jpg,"St Petersburg, FL",negative
136,9.87427E+17,4/20/2018 20:27,"b""They're here! #martyrunsondunkin @dunkindonuts #ddlove #dunkindonuts https://t.co/fKu9rpX0Hf""",http://pbs.twimg.com/media/DbQMAJYVMAAvfLW.jpg,,positive
137,9.87375E+17,4/20/2018 16:57,b'#dunkindonuts The guys at #blacknerdproblems are to funny #Starbucks https://t.co/1WiICeIPue',http://pbs.twimg.com/media/DbPb804WAAAx7U9.jpg,Maryland,positive
138,9.87329E+17,4/20/2018 13:56,b'BigMouth Inc The Prescription Coffee Mug https://t.co/yDOV7ET34y #MorningCoffee #Coffee #DunkinDonuts #Starbucks https://t.co/dWcLrmPTUp',http://pbs.twimg.com/media/DbOymiXX0AAg-Cl.jpg,,positive
139,9.87294E+17,4/20/2018 11:37,b'Morning coffee run to start this Friday off strong! #dunkindonuts #pelionprowl https://t.co/yM5zLFtUTy',http://pbs.twimg.com/media/DbOS4nHV4AAeq_Q.jpg,"Lexington, SC",positive
140,9.87205E+17,4/20/2018 5:43,"b'Ground to perfection, each and every coffee bean contributes to a rich aroma and brewtiful flavours. #DunkinDonuts https://t.co/qp9GuKgfU6'",http://pbs.twimg.com/ext_tw_video_thumb/987204663949709313/pu/img/xw6SP1GR_77UfwRM.jpg,,positive
141,9.87143E+17,4/20/2018 1:35,"b""Hmmmm... that's starting pay! I'm clearly doing something wrong! \xf0\x9f\xa4\xb7\xf0\x9f\x8f\xbc\xe2\x80\x8d\xe2\x99\x80\xef\xb8\x8f  WTG #DunkinDonuts https://t.co/d4P0bxfKDN""",http://pbs.twimg.com/media/DbMJAFwV4AAIta_.jpg,"Beacon, NY",negative
142,9.87127E+17,4/20/2018 0:32,b'Celebrating their efforts and the end of testing! #DunkinDonuts #sweetkids #GAMilestones @SandersES1 #proudcoach https://t.co/Pm9bUGhYLw',http://pbs.twimg.com/media/DbL6nVJVwAAXcRB.jpg,"Kennesaw, GA",positive
143,9.87108E+17,4/19/2018 23:19,b'Truth.... Lol.\n#starbucks #Coffee #DunkinDonuts https://t.co/o8AECeAtd7',http://pbs.twimg.com/media/DbLp74hX0AE6H-7.jpg,"New York, USA",positive
144,9.8709E+17,4/19/2018 22:07,b'RT @GetoveritD: #StarbucksChallenge \nTry #DunkinDonuts  instead. https://t.co/bJ5wlD3uBG',http://pbs.twimg.com/media/DbLANesUMAALnJX.jpg,"Nebraska, USA The Flyover State",neutral
145,9.87083E+17,4/19/2018 21:39,b'Its an Iced Coffee day #dunkindonuts https://t.co/djh7uNla7P',http://pbs.twimg.com/media/DbLTEsOUwAAEBbQ.jpg,"Lawrence, MA",positive
146,9.87076E+17,4/19/2018 21:11,b'@dunkindonuts Coffee Perfection! \xe2\x98\x95\xe2\x98\x95\xe2\x98\x95#coffee #givemecoffee #ilovecoffee #DunkinDonuts #nyc https://t.co/lS1Tw0Waue',http://pbs.twimg.com/media/DbLMrnnUMAALJ-u.jpg,Tri-State,positive
147,9.87063E+17,4/19/2018 20:17,b'#StarbucksChallenge \nTry #DunkinDonuts  instead. https://t.co/bJ5wlD3uBG',http://pbs.twimg.com/media/DbLANesUMAALnJX.jpg,"Kansas City, MO",neutral
148,9.87039E+17,4/19/2018 18:44,b'@Dunkin_India #ItsFantasTHICK #DunkinDonuts here is my entry https://t.co/sZkAEGWl3b',http://pbs.twimg.com/media/DbKq9vTUQAAI3WQ.jpg,"Mumbai, India",positive
149,9.87019E+17,4/19/2018 17:25,b'\xe2\x9c\xa8#InitiateStarbucksBoycott \xe2\x9c\xa8\xe2\x9c\xa8\n\xf0\x9f\x99\x84\xf0\x9f\x91\x8b\xf0\x9f\x8f\xbdThe coffee is over-roasted anyway. *Speeds over to #DunkinDonuts \xe2\x98\x95\xef\xb8\x8f\xf0\x9f\x94\xa5 https://t.co/hPPFuIx9KW',http://pbs.twimg.com/ext_tw_video_thumb/987019384098033664/pu/img/j_jsc1UGTTidV30J.jpg,Global,positive
150,9.87019E+17,4/19/2018 17:24,b'RT @3ishbeirut: Nothing beats the 3 PM coffee from @DDlebanon  cheers #coffee #dunkinadict #DunkinDonuts https://t.co/olMGv1IZvI',http://pbs.twimg.com/media/Da5x9NKWAAENyPK.jpg,"Saskatoon, Saskatchewan",positive
151,9.86977E+17,4/19/2018 14:35,b'Lol @dunkindonuts did you post this\xf0\x9f\x98\x82\xf0\x9f\x98\x82\xf0\x9f\x98\x82 #DunkinDonuts https://t.co/4ItqVb1agX',http://pbs.twimg.com/media/DbJx74zU0AI_L3B.jpg,Where you can find me,positive
152,9.86966E+17,4/19/2018 13:52,b'Is it #DunkinDonuts or is it #Starbucks in a Dunkin cup? \xf0\x9f\xa4\xb7\xf0\x9f\x8f\xbe\xe2\x80\x8d\xe2\x99\x80\xef\xb8\x8f The world may never know. https://t.co/aKyQ1qYTQI',http://pbs.twimg.com/media/DbJoFU3UwAIE87z.jpg,"Atlanta, GA",neutral
153,9.86919E+17,4/19/2018 10:46,"b""@Dunkin_India Here's a perfect screenshot!\n#DunkinDonuts #ItsFantasTHICK https://t.co/cJpzCeSdRv""",http://pbs.twimg.com/media/DbIdMlJUwAA6WKw.jpg,"Kakinada, India",positive
154,9.86897E+17,4/19/2018 9:19,b'FASHION\n#hoze #dunkindonuts #lacoste #macmoc #sjyp #monelloproject #jennypark #liful #adriennelandau #etrececile https://t.co/grDW0nMcvf',http://pbs.twimg.com/media/DbIpoq3VAAErBmG.jpg,ÌïúÍµ≠ ÏÑúÏö∏,positive
155,9.86883E+17,4/19/2018 8:25,"b""@Dunkin_India Here's a perfect screenshot!\n#DunkinDonuts #ItsFantasTHICK https://t.co/Rv1ctydri3""",http://pbs.twimg.com/media/DbIdMlJUwAA6WKw.jpg,"Bengaluru, Karnataka, India",positive
156,9.86861E+17,4/19/2018 6:54,b'@Dunkin_India As #ItsFantasTHICK at #DunkinDonuts \xf0\x9f\xa5\xa4 \xf0\x9f\x8d\xa9 \xf0\x9f\x98\x8b!! https://t.co/dEkKkYc0xa',http://pbs.twimg.com/media/DbIIfBJXkAcxkRp.jpg,Ahmedabad,positive
157,9.8686E+17,4/19/2018 6:50,b'@Dunkin_India #ItsFantasTHICK\n#DunkinDonuts \nScreenshot no 2 https://t.co/oWe6jmr9Mm',http://pbs.twimg.com/media/DbIHo4dV4AAzV-N.jpg,"New Delhi, Delhi",negative
158,9.8686E+17,4/19/2018 6:50,b'@Dunkin_India #ItsFantasTHICK\n#DunkinDonuts \nScreenshot no 1 https://t.co/ymv5hpaVlJ',http://pbs.twimg.com/media/DbIHlp7VwAE2v0U.jpg,"New Delhi, Delhi",negative
159,9.89832E+17,4/27/2018 11:43,"b""RT @Dunkin_India: There is nothing a perfectly brewed cup of coffee can't fix. #DunkinDonuts #CoffeeLove #Coffee https://t.co/LLQr8Suyze""",http://pbs.twimg.com/ext_tw_video_thumb/989379739411349509/pu/img/5PvquNaKe4-YNDbH.jpg,Delhi,neutral
160,9.89625E+17,4/26/2018 22:00,b'My Fans Rock!\nThank You so much @angelstar1632. #FanMail \n#dunkindonuts #keurig #Kcups https://t.co/bJZFvu74xR',http://pbs.twimg.com/media/Dbva4NjXcAIX84A.jpg,"Lawrence, MA",positive
161,9.89533E+17,4/26/2018 15:54,b'Literally stepped off the plane in Barranquilla and this is the first thing I see.\n\n#home\n#DunkinDonuts \n#boston https://t.co/JASK74YhYW',http://pbs.twimg.com/media/DbuHQF6WkAAILv3.jpg,"Bogot√°, D.C., Colombia",neutral
162,9.89515E+17,4/26/2018 14:40,b'RT @SanF_DealFinder: Free 16-Oz Tumbler w/  $35 Purchase\n\nNow from #DunkinDonuts: https://t.co/XyQs3ecOZ3 https://t.co/BPwyf1K4S6',http://pbs.twimg.com/media/Dbto2V2WkAA6RHt.jpg,Virginia,neutral
163,9.89504E+17,4/26/2018 13:56,b'Free  16-Oz Tumbler w/ $35 Purchase\n\nNow from #DunkinDonuts: https://t.co/Hm36uRIREy https://t.co/lO87kuUHQb',http://pbs.twimg.com/media/DbtsRpCWsAE9wID.jpg,"Winnipeg, Manitoba",negative
164,9.89502E+17,4/26/2018 13:50,b'Free 16-Oz Tumbler w/  $35 Purchase\n\nNow from #DunkinDonuts: https://t.co/BfixfZ9NIZ https://t.co/OXCThwYGzo',http://pbs.twimg.com/media/Dbtq5mlX4AACvVP.jpg,"Mississauga, Ontario",positive
165,9.89502E+17,4/26/2018 13:50,b'American runs on this? #DunkinDonuts https://t.co/zVqY6ZzMwU',http://pbs.twimg.com/media/DbtqxwHU0AE2j6f.jpg,"Ottawa, Canada ",negative
166,9.89501E+17,4/26/2018 13:46,b'It\xe2\x80\x99s a Dunkin kind of morning. #DunkinDonuts  \xf0\x9f\x8d\xa9\xf0\x9f\x92\x95 https://t.co/grqV84ad2b',http://pbs.twimg.com/media/Dbtp879W0AIwDgy.jpg,"Painesville, OH",positive
167,9.895E+17,4/26/2018 13:43,b'Free 16-Oz Tumbler  w/ $35 Purchase\n\nNow from #DunkinDonuts: https://t.co/taVo5GdDrF https://t.co/3458lTyDMR',http://pbs.twimg.com/media/DbtpHoHXkAAn194.jpg,"Memphis, TN",positive
168,9.895E+17,4/26/2018 13:41,b'Free 16-Oz Tumbler w/  $35 Purchase\n\nNow from #DunkinDonuts: https://t.co/XyQs3ecOZ3 https://t.co/BPwyf1K4S6',http://pbs.twimg.com/media/Dbto2V2WkAA6RHt.jpg,"San Francisco, CA",negative
169,9.895E+17,4/26/2018 13:41,b'Free 16-Oz Tumbler w/ $35 Purchase\n\nNow  from #DunkinDonuts: https://t.co/iUBWilJh32 https://t.co/JI4KfPFDIg',http://pbs.twimg.com/media/Dbto1nFW4AAu1Xt.jpg,"Edmonton, Alberta",positive
170,9.895E+17,4/26/2018 13:41,b'Free 16-Oz  Tumbler w/ $35 Purchase\n\nNow from #DunkinDonuts: https://t.co/7c3BSPK9TF https://t.co/0sTHcl73D1',http://pbs.twimg.com/media/DbtooR9X0AAVKRE.jpg,"Calgary, Alberta",positive
171,9.89499E+17,4/26/2018 13:39,b'Free 16-Oz Tumbler w/ $35 Purchase\n\nNow  from #DunkinDonuts: https://t.co/2BNoHLR3QI https://t.co/FCYXDgPuqS',http://pbs.twimg.com/media/DbtoYoCXUAAn0U8.jpg,"Miami, FL",negative
172,9.89499E+17,4/26/2018 13:38,b'Free 16-Oz  Tumbler w/ $35 Purchase\n\nNow from #DunkinDonuts: https://t.co/4vHmL5Mrjo https://t.co/fAoV2BNe4L',http://pbs.twimg.com/media/DbtoKiMW4AAjidf.jpg,"Seattle, WA",positive
173,9.89498E+17,4/26/2018 13:35,b'Free 16-Oz Tumbler w/  $35 Purchase\n\nNow from #DunkinDonuts: https://t.co/BmPGRRNvZd https://t.co/fZG7Vhj8J0',http://pbs.twimg.com/media/Dbtnd-_X4AIOic2.jpg,"Montr√©al, Qu√©bec",negative
174,9.89498E+17,4/26/2018 13:35,b'Free 16-Oz  Tumbler w/ $35 Purchase\n\nNow from #DunkinDonuts: https://t.co/BrhBAC0aDM https://t.co/71FGfuGme3',http://pbs.twimg.com/media/DbtnUlPWsAIy_Rt.jpg,"Philadelphia, PA",positive
175,9.89498E+17,4/26/2018 13:35,b'Free 16-Oz  Tumbler w/ $35 Purchase\n\nNow from #DunkinDonuts: https://t.co/V68NeND1tN https://t.co/rKxKCw9ZnB',http://pbs.twimg.com/media/DbtnTQxWsAIGO-_.jpg,"Orlando, FL",positive
176,9.89498E+17,4/26/2018 13:34,b'Free 16-Oz Tumbler w/  $35 Purchase\n\nNow from #DunkinDonuts: https://t.co/p6hlzqMtbM https://t.co/3X1XJO6HLQ',http://pbs.twimg.com/media/DbtnPjxX0AA8-Q_.jpg,"Markham, Ontario",positive
177,9.89498E+17,4/26/2018 13:34,b'Free  16-Oz Tumbler w/ $35 Purchase\n\nNow from #DunkinDonuts: https://t.co/byA8Dyu7QG https://t.co/fF8UPTR0Ix',http://pbs.twimg.com/media/DbtnJn9X0AMftv9.jpg,"Denver, CO",positive
178,9.89498E+17,4/26/2018 13:34,b'Free 16-Oz Tumbler w/ $35 Purchase\n\nNow  from #DunkinDonuts: https://t.co/I8akWNSGDs https://t.co/uP6OgNtwpc',http://pbs.twimg.com/media/DbtnI1HXcAAk5pH.jpg,"Tampa, FL",positive
179,9.89498E+17,4/26/2018 13:34,b'Free  16-Oz Tumbler w/ $35 Purchase\n\nNow from #DunkinDonuts: https://t.co/vXyn7CEWzF https://t.co/EiXe1Yq39l',http://pbs.twimg.com/media/DbtnGuDX0AE9GLf.jpg,"Buffalo, NY",negative
180,9.89498E+17,4/26/2018 13:33,b'Free 16-Oz Tumbler w/ $35 Purchase\n\nNow from  #DunkinDonuts: https://t.co/j7MHzX5HFI https://t.co/qCzs57pYGv',http://pbs.twimg.com/media/Dbtm12wX0AAJa3D.jpg,"San Antonio, TX",positive
181,9.89498E+17,4/26/2018 13:33,b'Free 16-Oz Tumbler w/ $35 Purchase\n\nNow from  #DunkinDonuts: https://t.co/aWpS6Ld1tl https://t.co/KKUYFT9DCY',http://pbs.twimg.com/media/Dbtm0U4X4AAqYmc.jpg,"Houston, TX",positive
182,9.89498E+17,4/26/2018 13:33,b'Free 16-Oz Tumbler w/ $35  Purchase\n\nNow from #DunkinDonuts: https://t.co/tNR2mIgNc7 https://t.co/K9vIcz2WAz',http://pbs.twimg.com/media/DbtmzmgXkAAzeG9.jpg,"Chicago, IL",neutral
183,9.89498E+17,4/26/2018 13:32,b'Free 16-Oz Tumbler w/ $35 Purchase\n\nNow from  #DunkinDonuts: https://t.co/2SKy37WSUk https://t.co/sZ4xMGlG0I',http://pbs.twimg.com/media/Dbtmy3xX4AI9fJN.jpg,"New York, USA",positive
184,9.89498E+17,4/26/2018 13:32,b'Free 16-Oz Tumbler w/ $35 Purchase\n\nNow from #DunkinDonuts:  https://t.co/FiE4Gra7qm https://t.co/yJyDiCAAjV',http://pbs.twimg.com/media/DbtmyHlWAAARlOR.jpg,"Oakville, Ontario",positive
185,9.89497E+17,4/26/2018 13:31,b'Free 16-Oz  Tumbler w/ $35 Purchase\n\nNow from #DunkinDonuts: https://t.co/5lDWjttosf https://t.co/X2aUK5QBrH',http://pbs.twimg.com/media/DbtmXQeWkAA8zev.jpg,"Austin, TX",neutral
186,9.89497E+17,4/26/2018 13:31,b'Free  16-Oz Tumbler w/ $35 Purchase\n\nNow from #DunkinDonuts: https://t.co/AVY2GtzkbF https://t.co/MpWcCssS8x',http://pbs.twimg.com/media/DbtmWNrW0AIApnb.jpg,"Pittsburgh, PA",positive
187,9.89497E+17,4/26/2018 13:30,b'Free 16-Oz Tumbler w/ $35  Purchase\n\nNow from #DunkinDonuts: https://t.co/8tfauZrHEi https://t.co/DYLJJlkAnF',http://pbs.twimg.com/media/DbtmUjfWsAEEc1u.jpg,Vaughan Ontario,positive
188,9.89497E+17,4/26/2018 13:30,b'Free 16-Oz Tumbler w/ $35 Purchase\n\nNow from #DunkinDonuts: https://t.co/6C3OM275VW https://t.co/2lbDaRqmYS',http://pbs.twimg.com/media/DbtmJFJVMAAJFQa.jpg,"California, USA",positive
189,9.89443E+17,4/26/2018 9:56,b'BigMouth Inc The Prescription Coffee Mug https://t.co/yDOV7ET34y #MorningCoffee #Coffee #DunkinDonuts #Starbucks https://t.co/jp65JpTPeH',http://pbs.twimg.com/media/Dbs1O7CWAAEZrt4.jpg,,positive
190,9.89381E+17,4/26/2018 5:48,"b""RT @Dunkin_India: There is nothing a perfectly brewed cup of coffee can't fix. #DunkinDonuts #CoffeeLove #Coffee https://t.co/LLQr8Suyze""",http://pbs.twimg.com/ext_tw_video_thumb/989379739411349509/pu/img/5PvquNaKe4-YNDbH.jpg,"New Delhi, India",neutral
191,9.8938E+17,4/26/2018 5:45,"b""There is nothing a perfectly brewed cup of coffee can't fix. #DunkinDonuts #CoffeeLove #Coffee https://t.co/LLQr8Suyze""",http://pbs.twimg.com/ext_tw_video_thumb/989379739411349509/pu/img/5PvquNaKe4-YNDbH.jpg,,positive
192,9.89255E+17,4/25/2018 21:27,"b""@dunkindonuts why so little glaze. I'm very upset, it's the second time\xf0\x9f\x98\x9e #dunkindonuts #Brooklyn #nyc #\xf0\x9f\x8d\xa9 https://t.co/ZHTG5HU4jW""",http://pbs.twimg.com/media/DbqJuo5XUAAYBkp.jpg,"New York, USA",positive
193,9.89212E+17,4/25/2018 18:40,b'Loving some double D today.\n\xf0\x9f\x98\x84\xf0\x9f\x98\x84  #DunkinDonuts https://t.co/MhEq3k6E7j',http://pbs.twimg.com/media/Dbpjg_yW4AAyCig.jpg,New England,neutral
194,9.89145E+17,4/25/2018 14:11,b'Dunkin Donuts cups suck!!!! Every time I get a large coffee the cup seeps and gets my desk wet!!!!! #dunkindonuts https://t.co/QporP1OvYF',http://pbs.twimg.com/media/Dbol8EkV0AApkGc.jpg,,positive
195,9.88883E+17,4/24/2018 20:51,b'This is what happiness looks like in the morning. #dunkindonuts for the win!\n\n#TheONEThing #family #lovemykid https://t.co/rchMoVIutz',http://pbs.twimg.com/media/Dbk4CH2XUAEKmha.jpg,"South Jordan, UT",positive
196,9.88744E+17,4/24/2018 11:38,b'Enjoying my day. #dunkindonuts #powerofnow https://t.co/jQxv5tOCmU',http://pbs.twimg.com/media/Dbi5WARW4AIYtdV.jpg,Dubai,negative
197,9.88714E+17,4/24/2018 9:38,b'@dunkindonuts  today ! @DDlebanon  tomorrow ! #DunkinDonuts forever ! ___ \xe2\xad\x90\xf0\x9f\x8c\x9f\xe2\xad\x90\xf0\x9f\x8c\x9f\xe2\xad\x90 #Addiction #Donuts #Foodies https://t.co/BCTiZ4lm7P',http://pbs.twimg.com/media/DbidzgkW0AA2Fv3.jpg,üá¨üá¶ üá±üáß,negative
198,9.88652E+17,4/24/2018 5:32,"b'With every blend you taste, you treat your taste-buds to new enticing flavours. #DunkinDonuts #Coffee #Coffeelove https://t.co/TOPPwnL31e'",http://pbs.twimg.com/ext_tw_video_thumb/988651905642631168/pu/img/GpfycHhwli6ZuW9V.jpg,,neutral
199,9.88645E+17,4/24/2018 5:04,b'Made to @dunkindonuts &amp; back in one piece safely with fresh air \xf0\x9f\x8d\xa9\xe2\x98\x95\xef\xb8\x8f #Yay #HappyMonday #DunkinDonuts https://t.co/qh1a35o95T',http://pbs.twimg.com/media/DbhfILLU8AA5OxO.jpg,Above the clouds ,neutral
200,9.88515E+17,4/23/2018 20:30,b'.@dunkindonuts names new digital leader: https://t.co/LzCS2Pa6n1 #foodnews #FBN #restaurantnews #DunkinDonuts https://t.co/GVKWSV3POf',http://pbs.twimg.com/media/DbfpgTrW0AAe_5E.jpg,"Kansas City, MO",positive
201,9.88475E+17,4/23/2018 17:50,b'(*THROWS PHONE*)!!! \xf0\x9f\x98\xad\xf0\x9f\x98\xad\xf0\x9f\x98\xad\xf0\x9f\x98\xad\xf0\x9f\x98\xad\xf0\x9f\x98\xad\xf0\x9f\x98\xad\xf0\x9f\x98\xad #DunkinDonuts #Starbucks https://t.co/TJCEAOXrYI',http://pbs.twimg.com/media/DbfE3mKUwAMxif1.jpg,"‚öú‚öú‚öúNew Orleans, LA‚öú‚öú‚öú",negative
202,9.88401E+17,4/23/2018 12:57,b'Breakfast stop\xf0\x9f\x8d\xa9\xf0\x9f\xa5\x93\xf0\x9f\xa5\x9a\xf0\x9f\xa7\x80\xf0\x9f\xa5\x90\xe2\x98\x95\xf0\x9f\xa5\xa4 #roadtrip #dunkindonuts @dunkindonuts https://t.co/p89L0jvwFa',http://pbs.twimg.com/media/DbeBqdZUQAEYuuR.jpg,"Alabama, USA",negative
203,9.88386E+17,4/23/2018 11:56,b'BigMouth Inc The Prescription Coffee Mug https://t.co/yDOV7ET34y #MorningCoffee #Coffee #DunkinDonuts #Starbucks https://t.co/69nEoj0zyS',http://pbs.twimg.com/media/Dbdz7WmVMAAfwQP.jpg,,neutral
204,9.88381E+17,4/23/2018 11:36,"b""I \xe2\x99\xa5\xef\xb8\x8f Boston's @dunkindonuts every 1/4 mile\n.\n.\n#boston #dunkindonuts #rock https://t.co/fnSgmsngFG https://t.co/hxo85T1FDb""",http://pbs.twimg.com/media/DbdveYOWAAAcSBw.jpg,,positive
205,9.88293E+17,4/23/2018 5:46,b'30% OFF | 30% discount on Donuts | #DunkinDonuts | #Food | #Bangalore\nhttps://t.co/6ZKpObxUmO https://t.co/TJOGXT5wGs',http://pbs.twimg.com/media/DbcfQegV4AA-E3Q.jpg,"Bengaluru, India",positive
206,9.88218E+17,4/23/2018 0:49,b'@RedSox my Dunkies is stepping up their game\xe2\x9a\xbe\xef\xb8\x8f\xe2\x9d\xa4\xef\xb8\x8f #RedSoxNation #redsox #dunkindonuts https://t.co/Hx51HL9Yhx',http://pbs.twimg.com/media/DbbbVoOVwAA8kGo.jpg,"Boston, MA",neutral
207,9.88171E+17,4/22/2018 21:41,"b'This was #EspeciallyGood today, @dunkindonuts #DunkinDonuts https://t.co/kNnZLieRkg'",http://pbs.twimg.com/media/DbawTzsWAAQTGrI.jpg,"Alabama, USA",positive
208,9.88077E+17,4/22/2018 15:29,b'Spring Fling from #DunkinDonuts is what I need~ https://t.co/uuEPBOaN8L',http://pbs.twimg.com/media/DbZbAPfX4AImZAE.jpg,"Chicago, Illinois",positive
209,9.88032E+17,4/22/2018 12:30,b'This momma runs on Dunkin\xe2\x80\x99 #dunkindonuts #alldayeveryday #toyseverywhere @dunkindonuts https://t.co/klE5jLwsko',http://pbs.twimg.com/media/DbYyFhhXUAA9uIW.jpg,"Myrtle Beach, SC",neutral
210,9.87885E+17,4/22/2018 2:43,b'RT @IsItFOO: Another #Starbucks community upload...\n\n#BoycottStarbucks #dunkindonuts #Philly #BlackTwitter https://t.co/O4BDqh4kzc',http://pbs.twimg.com/media/DbUnVNuVMAUdxx-.jpg,"Los Angeles, CA",negative
211,9.87878E+17,4/22/2018 2:15,b'RT @IsItFOO: Another #Starbucks community upload...\n\n#BoycottStarbucks #dunkindonuts #Philly #BlackTwitter https://t.co/O4BDqh4kzc',http://pbs.twimg.com/media/DbUnVNuVMAUdxx-.jpg,"Georgia, USA",positive
212,9.87865E+17,4/22/2018 1:25,b'RT @IsItFOO: Another #Starbucks community upload...\n\n#BoycottStarbucks #dunkindonuts #Philly #BlackTwitter https://t.co/O4BDqh4kzc',http://pbs.twimg.com/media/DbUnVNuVMAUdxx-.jpg,,positive
213,9.87823E+17,4/21/2018 22:37,b'Coach Cal wishes he had this right now #dunkindonuts @CoachCalDotCom #BBN #Kentucky #KSR https://t.co/66KQvQC3Zo',http://pbs.twimg.com/media/DbVzem2UwAAxg2_.jpg,"Flagstaff, Arizona",positive
214,9.87766E+17,4/21/2018 18:53,b'Coffee talk al fresco.  #lifeisgood #dunkindonuts #nyc https://t.co/x1bLzXQaTk',http://pbs.twimg.com/media/DbVAQb6XUAE68S2.jpg,"New York City, NY",positive
215,9.87748E+17,4/21/2018 17:41,b'Nice job #dunkindonuts \xf0\x9f\xa4\xa6\xf0\x9f\x8f\xbb\xe2\x80\x8d\xe2\x99\x80\xef\xb8\x8f https://t.co/zfrnab9Jye',http://pbs.twimg.com/media/DbUvykoU0AAbONV.jpg,,positive
216,9.87739E+17,4/21/2018 17:04,b'Another #Starbucks community upload...\n\n#BoycottStarbucks #dunkindonuts #Philly #BlackTwitter https://t.co/O4BDqh4kzc',http://pbs.twimg.com/media/DbUnVNuVMAUdxx-.jpg,,positive
217,9.87722E+17,4/21/2018 15:57,b'Kick start the weekend on sugar high...Donuts from #DunkinDonuts with @kishor_ppg https://t.co/6uplQimJK6',http://pbs.twimg.com/media/DbUX99LW0AAAY9a.jpg,"Pune, India",positive
218,9.87717E+17,4/21/2018 15:37,b'RT @dyck_robin: @JoyAnnReid @DrJasonJohnson @TheRoot Delete #Starbucks app. Time to hit #DunkinDonuts https://t.co/8Qpf2iN7nv',http://pbs.twimg.com/media/DbUKvzuXUAE6zDf.jpg,dmv metro,positive
219,9.87713E+17,4/21/2018 15:21,b'Coffee \xe2\x9c\x94\xef\xb8\x8f #DunkinDonuts\n#JLGdayoff #JLGtodo #JLGtask #JLGplaylist https://t.co/cxkhsHb2cW',http://pbs.twimg.com/media/DbUPod5V0AEhIQM.jpg,"NY, USA ‚Ä¢ PAP, HAITI",negative
220,9.87708E+17,4/21/2018 15:01,b'RT @dyck_robin: @JoyAnnReid @DrJasonJohnson @TheRoot Delete #Starbucks app. Time to hit #DunkinDonuts https://t.co/8Qpf2iN7nv',http://pbs.twimg.com/media/DbUKvzuXUAE6zDf.jpg,,positive
221,9.87708E+17,4/21/2018 14:59,b'@JoyAnnReid @DrJasonJohnson @TheRoot Delete #Starbucks app. Time to hit #DunkinDonuts https://t.co/8Qpf2iN7nv',http://pbs.twimg.com/media/DbUKvzuXUAE6zDf.jpg,,positive
222,9.87704E+17,4/21/2018 14:46,b'Went to pick up my #dunkindonuts coffee this morning and saw this on the parking lot\xe2\xa4\xb5 https://t.co/11UUzgzOoV',http://pbs.twimg.com/media/DbUHjj6X0AArUlZ.jpg,"New Jersey, USA",neutral
223,9.87702E+17,4/21/2018 14:38,b'If you haven\xe2\x80\x99t tried the cookies &amp; cream flavor you need to go try it right now! \xf0\x9f\x99\x8c\xf0\x9f\x8f\xbc #dunkindonuts https://t.co/rCRydMFh5L',http://pbs.twimg.com/media/DbUF1XsVwAIIZrG.jpg,"Adel, IA",positive
224,9.87698E+17,4/21/2018 14:23,b'Work on Saturday... wish Dunkin\xe2\x80\x99 had remembered the coffee in my latte \xf0\x9f\xa4\xb7\xf0\x9f\x8f\xbc\xe2\x80\x8d\xe2\x99\x80\xef\xb8\x8f\xf0\x9f\xa4\xa6\xf0\x9f\x8f\xbc\xe2\x80\x8d\xe2\x99\x80\xef\xb8\x8f\xf0\x9f\x98\x94 #wtf #dunkindonuts @dunkindonuts https://t.co/qbHnL27CHZ',http://pbs.twimg.com/media/DbUCUg_W0AEzk85.jpg,,positive
225,9.87694E+17,4/21/2018 14:05,"b""It's coffee time \xf0\x9f\x8d\xb5\xf0\x9f\x8d\xb5...in bed \xf0\x9f\x98\x89 Happy Saturday! #CoffeeLover #Coffee #DunkinDonuts #SaturdayMorning https://t.co/7FbeJ287XS""",http://pbs.twimg.com/media/DbT-R8VXcAEn1xU.jpg,#Flatbush #Brooklyn.... ,neutral
226,9.8769E+17,4/21/2018 13:50,"b""RT @MartyDamian: They're here! #martyrunsondunkin @dunkindonuts #ddlove #dunkindonuts https://t.co/fKu9rpX0Hf""",http://pbs.twimg.com/media/DbQMAJYVMAAvfLW.jpg,"Brunswick Hills, Ohio",positive
227,9.87674E+17,4/21/2018 12:48,b'This is the crap #dunkindonuts serves now https://t.co/xafDvhugI0',http://pbs.twimg.com/media/DbTsnDYVQAE7KKO.jpg,,positive
228,9.87611E+17,4/21/2018 8:37,"b':::finally, my turn! \xf0\x9f\x98\x8b #DunkinDonuts https://t.co/zfbU6D0dla'",http://pbs.twimg.com/media/DbSzOViVAAAkieb.jpg,"Mandaluyong City, National Cap",positive
229,9.87535E+17,4/21/2018 3:34,"b'Oh this is sooooooooooo funny!!!!  Good Job, #dunkindonuts  \xf0\x9f\x98\x81 https://t.co/2ccn3iKIRm'",http://pbs.twimg.com/media/DbRtzpjX4AET4qD.jpg,,positive
230,9.87494E+17,4/21/2018 0:50,"b""So we can't use the bathroom at #DunkinDonuts because we aren't buying anything??? https://t.co/DOnc4deRWA""",http://pbs.twimg.com/media/DbRIRaRVAAIBFTq.jpg,DMV,neutral
231,9.87475E+17,4/20/2018 23:37,b'Had to come get me some coffee and donuts #DunkinDonuts https://t.co/zFoyxyHaZx',http://pbs.twimg.com/media/DbQ3lYAVwAI9Ypy.jpg,"San Antonio, TX",positive
232,9.87439E+17,4/20/2018 21:12,"b'I said cream no sugar, not cream no coffee\xf0\x9f\xa4\xa6\xf0\x9f\x8f\xbe\xe2\x80\x8d\xe2\x99\x80\xef\xb8\x8f #dunkindonuts is so \xf0\x9f\x9a\xae https://t.co/ORDNxKvFTV'",http://pbs.twimg.com/media/DbQWfFsU0AAglAa.jpg,"St Petersburg, FL",positive
233,9.87427E+17,4/20/2018 20:27,"b""They're here! #martyrunsondunkin @dunkindonuts #ddlove #dunkindonuts https://t.co/fKu9rpX0Hf""",http://pbs.twimg.com/media/DbQMAJYVMAAvfLW.jpg,,positive
234,9.87375E+17,4/20/2018 16:57,b'#dunkindonuts The guys at #blacknerdproblems are to funny #Starbucks https://t.co/1WiICeIPue',http://pbs.twimg.com/media/DbPb804WAAAx7U9.jpg,Maryland,positive
235,9.87329E+17,4/20/2018 13:56,b'BigMouth Inc The Prescription Coffee Mug https://t.co/yDOV7ET34y #MorningCoffee #Coffee #DunkinDonuts #Starbucks https://t.co/dWcLrmPTUp',http://pbs.twimg.com/media/DbOymiXX0AAg-Cl.jpg,,negative
236,9.87294E+17,4/20/2018 11:37,b'Morning coffee run to start this Friday off strong! #dunkindonuts #pelionprowl https://t.co/yM5zLFtUTy',http://pbs.twimg.com/media/DbOS4nHV4AAeq_Q.jpg,"Lexington, SC",negative
237,9.87205E+17,4/20/2018 5:43,"b'Ground to perfection, each and every coffee bean contributes to a rich aroma and brewtiful flavours. #DunkinDonuts https://t.co/qp9GuKgfU6'",http://pbs.twimg.com/ext_tw_video_thumb/987204663949709313/pu/img/xw6SP1GR_77UfwRM.jpg,,neutral
238,9.87143E+17,4/20/2018 1:35,"b""Hmmmm... that's starting pay! I'm clearly doing something wrong! \xf0\x9f\xa4\xb7\xf0\x9f\x8f\xbc\xe2\x80\x8d\xe2\x99\x80\xef\xb8\x8f  WTG #DunkinDonuts https://t.co/d4P0bxfKDN""",http://pbs.twimg.com/media/DbMJAFwV4AAIta_.jpg,"Beacon, NY",negative
239,9.87127E+17,4/20/2018 0:32,b'Celebrating their efforts and the end of testing! #DunkinDonuts #sweetkids #GAMilestones @SandersES1 #proudcoach https://t.co/Pm9bUGhYLw',http://pbs.twimg.com/media/DbL6nVJVwAAXcRB.jpg,"Kennesaw, GA",negative
240,9.87108E+17,4/19/2018 23:19,b'Truth.... Lol.\n#starbucks #Coffee #DunkinDonuts https://t.co/o8AECeAtd7',http://pbs.twimg.com/media/DbLp74hX0AE6H-7.jpg,"New York, USA",neutral
241,9.8709E+17,4/19/2018 22:07,b'RT @GetoveritD: #StarbucksChallenge \nTry #DunkinDonuts  instead. https://t.co/bJ5wlD3uBG',http://pbs.twimg.com/media/DbLANesUMAALnJX.jpg,"Nebraska, USA The Flyover State",neutral
242,9.87083E+17,4/19/2018 21:39,b'Its an Iced Coffee day #dunkindonuts https://t.co/djh7uNla7P',http://pbs.twimg.com/media/DbLTEsOUwAAEBbQ.jpg,"Lawrence, MA",positive
243,9.87076E+17,4/19/2018 21:11,b'@dunkindonuts Coffee Perfection! \xe2\x98\x95\xe2\x98\x95\xe2\x98\x95#coffee #givemecoffee #ilovecoffee #DunkinDonuts #nyc https://t.co/lS1Tw0Waue',http://pbs.twimg.com/media/DbLMrnnUMAALJ-u.jpg,Tri-State,negative
244,9.87063E+17,4/19/2018 20:17,b'#StarbucksChallenge \nTry #DunkinDonuts  instead. https://t.co/bJ5wlD3uBG',http://pbs.twimg.com/media/DbLANesUMAALnJX.jpg,"Kansas City, MO",negative
245,9.87019E+17,4/19/2018 17:25,b'\xe2\x9c\xa8#InitiateStarbucksBoycott \xe2\x9c\xa8\xe2\x9c\xa8\n\xf0\x9f\x99\x84\xf0\x9f\x91\x8b\xf0\x9f\x8f\xbdThe coffee is over-roasted anyway. *Speeds over to #DunkinDonuts \xe2\x98\x95\xef\xb8\x8f\xf0\x9f\x94\xa5 https://t.co/hPPFuIx9KW',http://pbs.twimg.com/ext_tw_video_thumb/987019384098033664/pu/img/j_jsc1UGTTidV30J.jpg,Global,neutral
246,9.87019E+17,4/19/2018 17:24,b'RT @3ishbeirut: Nothing beats the 3 PM coffee from @DDlebanon  cheers #coffee #dunkinadict #DunkinDonuts https://t.co/olMGv1IZvI',http://pbs.twimg.com/media/Da5x9NKWAAENyPK.jpg,"Saskatoon, Saskatchewan",positive
247,9.86977E+17,4/19/2018 14:35,b'Lol @dunkindonuts did you post this\xf0\x9f\x98\x82\xf0\x9f\x98\x82\xf0\x9f\x98\x82 #DunkinDonuts https://t.co/4ItqVb1agX',http://pbs.twimg.com/media/DbJx74zU0AI_L3B.jpg,Where you can find me,positive
248,9.86966E+17,4/19/2018 13:52,b'Is it #DunkinDonuts or is it #Starbucks in a Dunkin cup? \xf0\x9f\xa4\xb7\xf0\x9f\x8f\xbe\xe2\x80\x8d\xe2\x99\x80\xef\xb8\x8f The world may never know. https://t.co/aKyQ1qYTQI',http://pbs.twimg.com/media/DbJoFU3UwAIE87z.jpg,"Atlanta, GA",neutral
249,9.86919E+17,4/19/2018 10:46,"b""@Dunkin_India Here's a perfect screenshot!\n#DunkinDonuts #ItsFantasTHICK https://t.co/cJpzCeSdRv""",http://pbs.twimg.com/media/DbIdMlJUwAA6WKw.jpg,"Kakinada, India",positive
250,9.86897E+17,4/19/2018 9:19,b'FASHION\n#hoze #dunkindonuts #lacoste #macmoc #sjyp #monelloproject #jennypark #liful #adriennelandau #etrececile https://t.co/grDW0nMcvf',http://pbs.twimg.com/media/DbIpoq3VAAErBmG.jpg,ÌïúÍµ≠ ÏÑúÏö∏,positive
251,9.86884E+17,4/19/2018 8:28,b'@Dunkin_India screenshot      #DunkinDonuts     #ItsFantasTHICK  @Asheesh__Dubey https://t.co/HKdsgycgVX',http://pbs.twimg.com/media/DbIcf_nV4AADjsd.jpg,"Mumbai, Maharashtra",neutral
252,9.86883E+17,4/19/2018 8:25,"b""@Dunkin_India Here's a perfect screenshot!\n#DunkinDonuts #ItsFantasTHICK https://t.co/Rv1ctydri3""",http://pbs.twimg.com/media/DbIdMlJUwAA6WKw.jpg,"Bengaluru, Karnataka, India",negative
253,9.86861E+17,4/19/2018 6:54,b'@Dunkin_India As #ItsFantasTHICK at #DunkinDonuts \xf0\x9f\xa5\xa4 \xf0\x9f\x8d\xa9 \xf0\x9f\x98\x8b!! https://t.co/dEkKkYc0xa',http://pbs.twimg.com/media/DbIIfBJXkAcxkRp.jpg,Ahmedabad,positive
254,9.8686E+17,4/19/2018 6:50,b'@Dunkin_India #ItsFantasTHICK\n#DunkinDonuts \nScreenshot no 2 https://t.co/oWe6jmr9Mm',http://pbs.twimg.com/media/DbIHo4dV4AAzV-N.jpg,"New Delhi, Delhi",positive
255,9.8686E+17,4/19/2018 6:50,b'@Dunkin_India #ItsFantasTHICK\n#DunkinDonuts \nScreenshot no 1 https://t.co/ymv5hpaVlJ',http://pbs.twimg.com/media/DbIHlp7VwAE2v0U.jpg,"New Delhi, Delhi",positive
256,9.8668E+17,4/18/2018 18:55,"b""Coffee 'gon be sellin' like a mu fucka now yo!!!\n#Starbucks\n#DunkinDonuts https://t.co/18Bv85DLUF""",http://pbs.twimg.com/media/DbFj7TQXUAI9JdU.jpg,"Indiana, USA‚ò£Ô∏èüåΩ",positive
257,9.86635E+17,4/18/2018 15:58,b'#BaskinRobbins Launches #DunkinDonuts #Coffee\n\nREAD MORE:\n\nhttps://t.co/OJCfKO6kpz https://t.co/c4CfDWrZrs',http://pbs.twimg.com/media/DbE7OnfU8AEpjwd.jpg,"Los Angeles, CA",positive
258,9.86614E+17,4/18/2018 14:35,b'Good morning IUN! #DunkinDonuts #Coffee #IUDay https://t.co/Gp9fIjrvHr',http://pbs.twimg.com/tweet_video_thumb/DbEoaV8W4AUYug7.jpg,"Valparaiso, IN",positive
259,9.866E+17,4/18/2018 13:39,b'No chill #StarbucksWhileBlack #Starbucks #DunkinDonuts https://t.co/XEJbi50fGz',http://pbs.twimg.com/media/DbEbpoTV4AA9Abg.jpg,On the moon talking to Bruno,positive
260,9.86599E+17,4/18/2018 13:34,b'@Starbucks @dunkindonuts #starbucks #DunkinDonuts \nSHOTS FIRED!!!!! https://t.co/1grnfuudY8',http://pbs.twimg.com/media/DbEaXmgXcAABxOc.jpg,Paterson Nj,positive
261,9.86585E+17,4/18/2018 12:37,"b'Forget #starbucks, I am giving #DunkinDonuts a chance. https://t.co/8YfjE0P2SE'",http://pbs.twimg.com/media/DbENecKU8AAJQrE.jpg,"San Antonio, Texas",negative
262,9.86573E+17,4/18/2018 11:51,"b""It's donut time... #DunkinDonuts #dunkindonutsUAE (@ Dunkin' Donuts in Abu Dhabi) https://t.co/KMi4fpNgTc https://t.co/fN112RJPh2""",http://pbs.twimg.com/media/DbECwbQXkAE4BZr.jpg,"Abu Dhabi, United Arab Emirate",positive
263,9.86477E+17,4/18/2018 5:31,b'~When #DunkinDonuts treats you right \xf0\x9f\x92\x96 @VeroTrueSocial https://t.co/IIQaaj8OLL',http://pbs.twimg.com/media/DbCryYoWAAAz8JC.jpg,Cleveland (Main Office),positive
264,9.86418E+17,4/18/2018 1:36,"b'Honestly though, #DunkinDonuts is better. #Starbucks https://t.co/rXJ9sC84LQ'",http://pbs.twimg.com/media/DbB2EJCU8AAwGdU.jpg,United States,neutral
265,9.86283E+17,4/17/2018 16:40,b'Seems legit #starbucks #dunkindonuts https://t.co/4vEt4CWecm',http://pbs.twimg.com/media/Da_7VPwVAAEBvGK.jpg,"Fort Lauderdale, FL",positive
266,9.86272E+17,4/17/2018 15:56,b'BigMouth Inc The Prescription Coffee Mug https://t.co/yDOV7ET34y #MorningCoffee #Coffee #DunkinDonuts #Starbucks https://t.co/AeoIIKl2rr',http://pbs.twimg.com/media/Da_xUdNV4AAeGB-.jpg,,positive
267,9.86267E+17,4/17/2018 15:35,b'#dominospizza #BurgerKing #dunkindonuts anyone willing to give back #NewHaven https://t.co/7jUnB8WyP4',http://pbs.twimg.com/media/Da_shFfXcAE54TZ.jpg,USA,positive
268,9.86259E+17,4/17/2018 15:04,b'Charmander runs on Dunkin\xe2\x80\x99. \xf0\x9f\x94\xa5\xf0\x9f\x8d\xa9 #pokemongo #charmander #dunkin #dunkindonuts #arphoto https://t.co/l9Vrjeoh8U',http://pbs.twimg.com/media/Da_lfYJUQAAJB6_.jpg,"Texas, USA",positive
269,9.86258E+17,4/17/2018 15:01,"b'Vanilla, strawberry, or chocolate? \xf0\x9f\x8d\xa9 Grab your favorite flavor today at #DunkinDonuts! \xe2\x98\xba\xef\xb8\x8f https://t.co/SKNNNjfMPG'",http://pbs.twimg.com/media/Da_kzidXUAEazp6.jpg,"Plainview, NY",positive
270,9.86255E+17,4/17/2018 14:48,b'@dunkindonuts I never had this but babee this good #dunkindonuts https://t.co/RaL2Ba0PBo',http://pbs.twimg.com/media/Da_hrFlXkAIiPke.jpg,"Atlanta, GA",positive
271,9.86232E+17,4/17/2018 13:18,b'Fall tumbling in love with rich blends of coffee. #DunkinIndia #DunkinDonuts #Coffee #CoffeeLove #CoffeeBeans https://t.co/zfWko7HMPY',http://pbs.twimg.com/ext_tw_video_thumb/986231245389443072/pu/img/316CIR4fZNe8RTlc.jpg,,positive
272,9.86232E+17,4/17/2018 13:18,b'#Morning_Pick_Me_Up Mystery lady ahead of me at #dunkindonuts drive-thru pays for my coffee and doughnut https://t.co/7wts7cBntH',http://pbs.twimg.com/tweet_video_thumb/Da_MzDKWkAAWV4U.jpg,"Philadelphia, PA",positive
